Отметка времени,Ваш возраст,"Слышали ли вы о препарате ""глицин""?","От кого вы узнали о препарате ""глицин""?",Принимали ли вы когда-либо глицин?,С какой целью вы принимали глицин? (Можно выбрать несколько вариантов),Как долго вы принимали глицин?,Назначал ли вам глицин врач?,Ощущали ли вы эффект от приема глицина?,Считаете ли вы глицин полезным препаратом?,"Оцените эффективность глицина по вашему мнению от 1 до 5 (1 – “бесполезен”, 5 – “очень эффективен”)",Рекомендовали бы вы глицин другим?,"Какое у вас отношение к ноотропам?

*Ноотроп - препарат для улучшения деятельности центральной нервной системы"
14.02.2025 21:03:49,21-23,Да,Семья,Да,Снижение стресса и тревожности,Однократно,Рекомендовали знакомые/интернет,"Да, положительный",Да,4,Да,"Считаю, что некоторые работают, если правильно подобраны"
14.02.2025 22:03:07,21-23,Да,Друзья и знакомые,Да,"Снижение стресса и тревожности, Улучшение концентрации и памяти",Несколько дней (до 1 недели),"Нет, принимал(а) самостоятельно","Нет, эффекта не было",Нет,1,Нет,"Считаю, что некоторые работают, если правильно подобраны"
14.02.2025 22:03:09,21-23,Да,Семья,Да,"Снижение стресса и тревожности, Улучшение концентрации и памяти",Несколько недель (до 1 месяца),Рекомендовали знакомые/интернет,"Да, положительный",Да,4,Да,"Верю, что большинство из них эффективны и полезны"
14.02.2025 22:03:31,21-23,Да,Семья,Да,Улучшение концентрации и памяти,Однократно,"Нет, принимал(а) самостоятельно","Нет, эффекта не было",Нет,4,Нет,"Считаю, что некоторые работают, если правильно подобраны"
14.02.2025 22:05:34,18-20,Да,Семья,Да,"Снижение стресса и тревожности, Улучшение концентрации и памяти",Более месяца,"Нет, принимал(а) самостоятельно","Да, положительный",Да,4,Да,"Верю, что большинство из них эффективны и полезны"
14.02.2025 22:08:18,18-20,Да,Друзья и знакомые,Нет,,,,,Нет,1,Нет,"Верю, что большинство из них эффективны и полезны"
14.02.2025 22:10:55,21-23,Да,Врач,Да,"Улучшение сна, Снижение стресса и тревожности",Несколько недель (до 1 месяца),Да,"Да, положительный",Нет,2,Нет,"Считаю, что некоторые работают, если правильно подобраны"
14.02.2025 22:15:19,21-23,Да,Семья,Да,Снижение стресса и тревожности,Несколько недель (до 1 месяца),Рекомендовали знакомые/интернет,"Да, положительный",Да,4,Да,"Считаю, что некоторые работают, если правильно подобраны"
14.02.2025 22:17:11,21-23,Да,Врач,Да,"Улучшение сна, Снижение стресса и тревожности, Улучшение концентрации и памяти",Более месяца,Да,"Да, положительный",Да,4,Да,"Считаю, что некоторые работают, если правильно подобраны"
14.02.2025 22:21:19,21-23,Да,Другое,Нет,,,,,Нет,1,Нет,"Считаю, что некоторые работают, если правильно подобраны"
14.02.2025 22:24:04,18-20,Да,Друзья и знакомые,Нет,,,,,Да,2,Нет,"Считаю, что некоторые работают, если правильно подобраны"
14.02.2025 22:24:09,18-20,Да,Семья,Нет,,,,,Нет,1,Нет,"Считаю, что некоторые работают, если правильно подобраны"
14.02.2025 22:25:33,21-23,Да,Друзья и знакомые,Да,Снижение стресса и тревожности,Однократно,Рекомендовали знакомые/интернет,"Нет, эффекта не было",Нет,1,Нет,"Считаю, что некоторые работают, если правильно подобраны"
14.02.2025 22:25:47,21-23,Да,Реклама,Нет,,,,,Да,3,Нет,"Считаю, что некоторые работают, если правильно подобраны"
14.02.2025 22:28:13,21-23,Да,Семья,Да,"Улучшение сна, Снижение стресса и тревожности",Несколько дней (до 1 недели),"Нет, принимал(а) самостоятельно","Нет, эффекта не было",Да,3,Нет,"Скептически отношусь, считаю их неэффективными"
14.02.2025 22:29:00,18-20,Да,Интернет,Да,"Улучшение сна, Снижение стресса и тревожности, Улучшение концентрации и памяти",Несколько дней (до 1 недели),"Нет, принимал(а) самостоятельно","Нет, эффекта не было",Нет,1,Нет,"Верю, что большинство из них эффективны и полезны"
14.02.2025 22:32:22,24 и старше,Да,Семья,Да,"Улучшение сна, Снижение стресса и тревожности",Более месяца,Да,"Нет, эффекта не было",Нет,3,Нет,"Считаю, что некоторые работают, если правильно подобраны"
14.02.2025 22:34:17,18-20,Да,Семья,Да,Снижение стресса и тревожности,Однократно,Рекомендовали знакомые/интернет,"Да, положительный",Нет,1,Нет,"Скептически отношусь, считаю их неэффективными"
14.02.2025 22:37:03,21-23,Да,Интернет,Да,Снижение стресса и тревожности,Однократно,"Нет, принимал(а) самостоятельно","Нет, эффекта не было",Нет,2,Нет,"Скептически отношусь, считаю их неэффективными"
14.02.2025 22:46:55,18-20,Да,Другое,Нет,,,,,Нет,4,Нет,"Считаю, что некоторые работают, если правильно подобраны"
14.02.2025 22:53:49,18-20,Да,Реклама,Нет,,,,,Нет,1,Нет,"Считаю, что некоторые работают, если правильно подобраны"
14.02.2025 22:57:05,21-23,Да,Другое,Нет,,,,,Нет,2,Да,"Считаю, что некоторые работают, если правильно подобраны"
14.02.2025 23:17:59,21-23,Да,Семья,Да,Снижение стресса и тревожности,Однократно,Рекомендовали знакомые/интернет,"Да, положительный",Да,2,Да,"Считаю, что некоторые работают, если правильно подобраны"
14.02.2025 23:36:52,21-23,Да,Другое,Нет,,,,,Нет,1,Нет,"Считаю, что некоторые работают, если правильно подобраны"
14.02.2025 23:47:51,18-20,Да,Семья,Да,Улучшение концентрации и памяти,Несколько недель (до 1 месяца),"Нет, принимал(а) самостоятельно","Да, положительный",Да,4,Да,"Считаю, что некоторые работают, если правильно подобраны"
15.02.2025 4:36:57,18-20,Да,Врач,Да,"Снижение стресса и тревожности, Улучшение концентрации и памяти",Более месяца,Да,"Нет, эффекта не было",Нет,1,Нет,"Считаю, что некоторые работают, если правильно подобраны"
15.02.2025 11:05:05,18-20,Да,Семья,Нет,,,,,Да,5,Да,"Считаю, что некоторые работают, если правильно подобраны"
15.02.2025 11:08:24,21-23,Да,Семья,Да,"Снижение стресса и тревожности, Улучшение концентрации и памяти",Несколько недель (до 1 месяца),Рекомендовали знакомые/интернет,"Нет, эффекта не было",Нет,3,Да,"Считаю, что некоторые работают, если правильно подобраны"
15.02.2025 11:11:04,21-23,Да,Друзья и знакомые,Нет,,,,,Нет,1,Нет,"Скептически отношусь, считаю их неэффективными"
15.02.2025 11:16:05,21-23,Да,Семья,Да,"Улучшение сна, Снижение стресса и тревожности",Несколько недель (до 1 месяца),"Нет, принимал(а) самостоятельно","Нет, эффекта не было",Да,4,Да,"Верю, что большинство из них эффективны и полезны"
15.02.2025 11:17:20,21-23,Да,Семья,Да,"Снижение стресса и тревожности, Улучшение концентрации и памяти",Несколько дней (до 1 недели),"Нет, принимал(а) самостоятельно","Нет, эффекта не было",Да,3,Нет,"Считаю, что некоторые работают, если правильно подобраны"
15.02.2025 11:17:43,21-23,Да,Семья,Да,Снижение стресса и тревожности,Однократно,Рекомендовали знакомые/интернет,"Нет, эффекта не было",Нет,1,Нет,"Считаю, что некоторые работают, если правильно подобраны"
15.02.2025 11:24:44,21-23,Да,Друзья и знакомые,Нет,,,,,Нет,2,Нет,"Считаю, что некоторые работают, если правильно подобраны"
15.02.2025 11:30:59,24 и старше,Да,Врач,Да,Снижение стресса и тревожности,Несколько дней (до 1 недели),Да,"Да, положительный",Да,3,Нет,"Считаю, что некоторые работают, если правильно подобраны"
15.02.2025 11:42:10,18-20,Да,Семья,Да,Снижение стресса и тревожности,Несколько недель (до 1 месяца),Да,"Да, положительный",Да,4,Да,"Верю, что большинство из них эффективны и полезны"
15.02.2025 11:42:23,24 и старше,Да,Реклама,Нет,,,,,Нет,1,Нет,"Скептически отношусь, считаю их неэффективными"
15.02.2025 11:42:40,18-20,Да,Врач,Да,Снижение стресса и тревожности,Несколько дней (до 1 недели),Да,"Да, положительный",Да,5,Да,"Верю, что большинство из них эффективны и полезны"
15.02.2025 11:43:18,18-20,Да,Семья,Да,Снижение стресса и тревожности,Несколько дней (до 1 недели),"Нет, принимал(а) самостоятельно","Да, положительный",Да,3,Да,"Считаю, что некоторые работают, если правильно подобраны"
15.02.2025 11:44:19,18-20,Да,Реклама,Да,Снижение стресса и тревожности,Несколько недель (до 1 месяца),"Нет, принимал(а) самостоятельно","Нет, эффекта не было",Нет,2,Нет,"Считаю, что некоторые работают, если правильно подобраны"
15.02.2025 11:45:12,18-20,Да,Семья,Да,"Снижение стресса и тревожности, Другое",Несколько дней (до 1 недели),"Нет, принимал(а) самостоятельно","Да, положительный",Да,3,Да,"Считаю, что некоторые работают, если правильно подобраны"
15.02.2025 11:46:02,24 и старше,Да,Друзья и знакомые,Да,Снижение стресса и тревожности,Несколько недель (до 1 месяца),Рекомендовали знакомые/интернет,"Нет, эффекта не было",Нет,2,Нет,"Считаю, что некоторые работают, если правильно подобраны"
15.02.2025 11:47:55,18-20,Да,Друзья и знакомые,Нет,,,,,Нет,1,Да,"Скептически отношусь, считаю их неэффективными"
15.02.2025 11:48:09,24 и старше,Да,Друзья и знакомые,Нет,,,,,Нет,2,Да,"Считаю, что некоторые работают, если правильно подобраны"
15.02.2025 11:48:24,21-23,Да,Семья,Нет,,,,,Да,4,Да,"Считаю, что некоторые работают, если правильно подобраны"
15.02.2025 11:48:34,18-20,Да,Семья,Да,"Улучшение сна, Снижение стресса и тревожности",Несколько недель (до 1 месяца),Рекомендовали знакомые/интернет,"Нет, эффекта не было",Нет,1,Нет,"Скептически отношусь, считаю их неэффективными"
15.02.2025 11:48:36,21-23,Да,Семья,Да,Снижение стресса и тревожности,Несколько дней (до 1 недели),Рекомендовали знакомые/интернет,"Нет, эффекта не было",Нет,1,Нет,"Считаю, что некоторые работают, если правильно подобраны"
15.02.2025 11:48:53,24 и старше,Да,Интернет,Да,"Улучшение сна, Улучшение концентрации и памяти",Более месяца,"Нет, принимал(а) самостоятельно","Нет, эффекта не было",Да,4,Да,"Считаю, что некоторые работают, если правильно подобраны"
15.02.2025 11:49:58,24 и старше,Да,Друзья и знакомые,Нет,,,,,Да,4,Да,"Верю, что большинство из них эффективны и полезны"
15.02.2025 11:53:08,21-23,Да,Друзья и знакомые,Да,Снижение стресса и тревожности,Однократно,Да,"Нет, эффекта не было",Нет,1,Нет,"Скептически отношусь, считаю их неэффективными"
15.02.2025 11:55:45,24 и старше,Да,Другое,Да,Снижение стресса и тревожности,Более месяца,"Нет, принимал(а) самостоятельно","Да, положительный",Да,5,Да,"Верю, что большинство из них эффективны и полезны"
15.02.2025 11:59:40,18-20,Да,Семья,Да,"Снижение стресса и тревожности, Улучшение концентрации и памяти",Несколько недель (до 1 месяца),"Нет, принимал(а) самостоятельно","Нет, эффекта не было",Да,4,Да,"Считаю, что некоторые работают, если правильно подобраны"
15.02.2025 12:00:51,18-20,Да,Семья,Да,Снижение стресса и тревожности,Однократно,"Нет, принимал(а) самостоятельно","Нет, эффекта не было",Нет,2,Нет,"Считаю, что некоторые работают, если правильно подобраны"
15.02.2025 12:03:10,18-20,Да,Врач,Да,"Снижение стресса и тревожности, Улучшение концентрации и памяти",Несколько недель (до 1 месяца),Да,"Да, положительный",Нет,1,Нет,"Верю, что большинство из них эффективны и полезны"
15.02.2025 12:04:37,18-20,Да,Друзья и знакомые,Да,Снижение стресса и тревожности,Однократно,Рекомендовали знакомые/интернет,"Нет, эффекта не было",Нет,1,Нет,"Считаю, что некоторые работают, если правильно подобраны"
15.02.2025 12:04:53,24 и старше,Да,Семья,Да,"Снижение стресса и тревожности, Улучшение концентрации и памяти",Более месяца,Рекомендовали знакомые/интернет,"Нет, эффекта не было",Нет,3,Нет,"Считаю, что некоторые работают, если правильно подобраны"
15.02.2025 12:08:52,18-20,Да,Врач,Да,Снижение стресса и тревожности,Несколько недель (до 1 месяца),Да,"Нет, эффекта не было",Нет,2,Нет,"Считаю, что некоторые работают, если правильно подобраны"
15.02.2025 12:09:15,24 и старше,Да,Интернет,Нет,,,,,Нет,3,Нет,"Считаю, что некоторые работают, если правильно подобраны"
15.02.2025 12:10:48,24 и старше,Да,Семья,Да,Снижение стресса и тревожности,Несколько дней (до 1 недели),"Нет, принимал(а) самостоятельно","Да, положительный",Да,3,Да,"Считаю, что некоторые работают, если правильно подобраны"
15.02.2025 12:14:05,18-20,Да,Друзья и знакомые,Да,Снижение стресса и тревожности,Несколько дней (до 1 недели),"Нет, принимал(а) самостоятельно","Нет, эффекта не было",Нет,2,Нет,"Считаю, что некоторые работают, если правильно подобраны"
15.02.2025 12:14:55,18-20,Да,Семья,Да,Улучшение концентрации и памяти,Однократно,"Нет, принимал(а) самостоятельно","Да, положительный",Да,4,Да,"Считаю, что некоторые работают, если правильно подобраны"
15.02.2025 12:16:12,18-20,Да,Семья,Да,Снижение стресса и тревожности,Однократно,"Нет, принимал(а) самостоятельно","Да, положительный",Да,3,Нет,"Верю, что большинство из них эффективны и полезны"
15.02.2025 12:19:52,18-20,Да,Семья,Да,"Улучшение сна, Снижение стресса и тревожности, Улучшение концентрации и памяти",Более месяца,Да,"Да, положительный",Да,4,Нет,"Скептически отношусь, считаю их неэффективными"
15.02.2025 12:31:03,18-20,Да,Врач,Нет,,,,,Да,3,Да,"Считаю, что некоторые работают, если правильно подобраны"
15.02.2025 12:31:22,18-20,Да,Семья,Да,"Улучшение сна, Снижение стресса и тревожности",Несколько дней (до 1 недели),"Нет, принимал(а) самостоятельно","Нет, эффекта не было",Нет,2,Нет,"Считаю, что некоторые работают, если правильно подобраны"
15.02.2025 12:34:52,21-23,Да,Друзья и знакомые,Нет,,,,,Нет,2,Нет,"Считаю, что некоторые работают, если правильно подобраны"
15.02.2025 12:38:37,24 и старше,Да,Семья,Да,"Снижение стресса и тревожности, Улучшение концентрации и памяти",Несколько дней (до 1 недели),"Нет, принимал(а) самостоятельно","Нет, эффекта не было",Нет,1,Нет,"Считаю, что некоторые работают, если правильно подобраны"
15.02.2025 12:39:10,21-23,Да,Семья,Да,Снижение стресса и тревожности,Несколько дней (до 1 недели),Рекомендовали знакомые/интернет,"Нет, эффекта не было",Нет,1,Нет,"Считаю, что некоторые работают, если правильно подобраны"
15.02.2025 12:45:52,24 и старше,Да,Семья,Да,Улучшение концентрации и памяти,Несколько недель (до 1 месяца),Да,"Нет, эффекта не было",Нет,2,Нет,"Считаю, что некоторые работают, если правильно подобраны"
15.02.2025 12:46:26,21-23,Да,Врач,Да,"Снижение стресса и тревожности, Другое",Более месяца,Да,"Да, положительный",Да,3,Нет,"Считаю, что некоторые работают, если правильно подобраны"
15.02.2025 12:46:52,24 и старше,Да,Семья,Да,"Снижение стресса и тревожности, Улучшение концентрации и памяти",Несколько недель (до 1 месяца),"Нет, принимал(а) самостоятельно","Да, положительный",Да,4,Да,"Считаю, что некоторые работают, если правильно подобраны"
15.02.2025 12:58:49,24 и старше,Да,Семья,Да,"Улучшение сна, Улучшение концентрации и памяти",Более месяца,Да,"Нет, эффекта не было",Нет,2,Нет,"Считаю, что некоторые работают, если правильно подобраны"
15.02.2025 13:00:39,24 и старше,Да,Семья,Да,Улучшение концентрации и памяти,Несколько недель (до 1 месяца),"Нет, принимал(а) самостоятельно","Да, положительный",Да,5,Да,"Верю, что большинство из них эффективны и полезны"
15.02.2025 13:03:53,24 и старше,Да,Друзья и знакомые,Нет,,,,,Да,3,Нет,"Верю, что большинство из них эффективны и полезны"
15.02.2025 13:05:32,24 и старше,Да,Друзья и знакомые,Да,Улучшение концентрации и памяти,Несколько недель (до 1 месяца),"Нет, принимал(а) самостоятельно","Да, положительный",Да,5,Да,"Считаю, что некоторые работают, если правильно подобраны"
15.02.2025 13:06:09,18-20,Да,Друзья и знакомые,Нет,,,,,Да,3,Нет,"Считаю, что некоторые работают, если правильно подобраны"
15.02.2025 13:06:24,24 и старше,Да,Семья,Да,Снижение стресса и тревожности,Несколько недель (до 1 месяца),Рекомендовали знакомые/интернет,"Нет, эффекта не было",Нет,1,Нет,"Считаю, что некоторые работают, если правильно подобраны"
15.02.2025 13:06:28,18-20,Да,Реклама,Нет,,,,,Да,4,Да,"Считаю, что некоторые работают, если правильно подобраны"
15.02.2025 13:07:33,18-20,Да,Друзья и знакомые,Да,Снижение стресса и тревожности,Несколько дней (до 1 недели),"Нет, принимал(а) самостоятельно","Нет, эффекта не было",Нет,3,Нет,"Считаю, что некоторые работают, если правильно подобраны"
15.02.2025 13:07:38,18-20,Да,Семья,Да,"Улучшение сна, Снижение стресса и тревожности",Несколько недель (до 1 месяца),Да,"Да, положительный",Да,5,Да,"Считаю, что некоторые работают, если правильно подобраны"
15.02.2025 13:10:04,21-23,Да,Семья,Да,Снижение стресса и тревожности,Более месяца,Да,"Да, положительный",Да,4,Да,"Считаю, что некоторые работают, если правильно подобраны"
15.02.2025 13:11:24,18-20,Да,Семья,Да,Снижение стресса и тревожности,Несколько дней (до 1 недели),Рекомендовали знакомые/интернет,"Нет, эффекта не было",Да,3,Да,"Считаю, что некоторые работают, если правильно подобраны"
15.02.2025 13:11:44,18-20,Да,Семья,Да,Другое,Несколько дней (до 1 недели),Рекомендовали знакомые/интернет,"Нет, эффекта не было",Да,3,Да,"Считаю, что некоторые работают, если правильно подобраны"
15.02.2025 13:15:01,18-20,Да,Врач,Да,"Улучшение сна, Снижение стресса и тревожности",Несколько недель (до 1 месяца),"Нет, принимал(а) самостоятельно","Да, положительный",Да,4,Да,"Считаю, что некоторые работают, если правильно подобраны"
15.02.2025 13:16:39,24 и старше,Да,Друзья и знакомые,Да,"Снижение стресса и тревожности, Улучшение концентрации и памяти",Несколько недель (до 1 месяца),"Нет, принимал(а) самостоятельно","Нет, эффекта не было",Да,3,Да,"Считаю, что некоторые работают, если правильно подобраны"
15.02.2025 13:28:01,18-20,Да,Семья,Да,Снижение стресса и тревожности,Несколько недель (до 1 месяца),"Нет, принимал(а) самостоятельно","Нет, эффекта не было",Нет,3,Нет,"Считаю, что некоторые работают, если правильно подобраны"
15.02.2025 13:31:24,21-23,Да,Друзья и знакомые,Да,Улучшение концентрации и памяти,Однократно,"Нет, принимал(а) самостоятельно","Нет, эффекта не было",Нет,1,Нет,"Скептически отношусь, считаю их неэффективными"
15.02.2025 13:32:27,18-20,Да,Семья,Да,Снижение стресса и тревожности,Несколько недель (до 1 месяца),"Нет, принимал(а) самостоятельно","Да, положительный",Да,3,Да,"Считаю, что некоторые работают, если правильно подобраны"
15.02.2025 13:38:11,18-20,Да,Семья,Да,Снижение стресса и тревожности,Несколько недель (до 1 месяца),Да,"Да, положительный",Да,3,Нет,"Считаю, что некоторые работают, если правильно подобраны"
15.02.2025 13:39:06,21-23,Да,Семья,Да,Снижение стресса и тревожности,Несколько недель (до 1 месяца),"Нет, принимал(а) самостоятельно","Нет, эффекта не было",Нет,3,Нет,"Считаю, что некоторые работают, если правильно подобраны"
15.02.2025 13:39:58,24 и старше,Да,Семья,Да,Улучшение концентрации и памяти,Несколько дней (до 1 недели),Рекомендовали знакомые/интернет,"Да, положительный",Да,5,Да,"Считаю, что некоторые работают, если правильно подобраны"
15.02.2025 13:55:09,18-20,Да,Другое,Да,Другое,Однократно,Рекомендовали знакомые/интернет,"Нет, эффекта не было",Нет,1,Нет,"Скептически отношусь, считаю их неэффективными"
15.02.2025 14:02:36,18-20,Да,Друзья и знакомые,Да,"Снижение стресса и тревожности, Улучшение концентрации и памяти",Несколько дней (до 1 недели),"Нет, принимал(а) самостоятельно","Да, положительный",Нет,2,Нет,"Считаю, что некоторые работают, если правильно подобраны"
15.02.2025 14:09:44,24 и старше,Да,Семья,Нет,,,,,Да,5,Да,"Верю, что большинство из них эффективны и полезны"
15.02.2025 14:20:26,18-20,Да,Друзья и знакомые,Да,"Улучшение сна, Снижение стресса и тревожности, Улучшение концентрации и памяти",Несколько дней (до 1 недели),Да,"Да, положительный",Да,4,Да,"Верю, что большинство из них эффективны и полезны"
15.02.2025 14:36:23,21-23,Да,Интернет,Да,Снижение стресса и тревожности,Однократно,Рекомендовали знакомые/интернет,"Нет, эффекта не было",Нет,2,Нет,"Считаю, что некоторые работают, если правильно подобраны"
15.02.2025 14:40:59,21-23,Да,Семья,Да,Снижение стресса и тревожности,Однократно,"Нет, принимал(а) самостоятельно","Да, положительный",Да,3,Да,"Считаю, что некоторые работают, если правильно подобраны"
15.02.2025 15:27:10,24 и старше,Да,Интернет,Да,Снижение стресса и тревожности,Более месяца,"Нет, принимал(а) самостоятельно","Да, положительный",Да,4,Да,"Считаю, что некоторые работают, если правильно подобраны"
15.02.2025 15:53:46,24 и старше,Да,Семья,Да,Улучшение концентрации и памяти,Несколько недель (до 1 месяца),Рекомендовали знакомые/интернет,"Да, положительный",Да,4,Нет,"Считаю, что некоторые работают, если правильно подобраны"
15.02.2025 16:05:57,18-20,Да,Семья,Нет,,,,,Да,4,Да,"Считаю, что некоторые работают, если правильно подобраны"
15.02.2025 16:06:56,18-20,Да,Друзья и знакомые,Да,Снижение стресса и тревожности,Однократно,Рекомендовали знакомые/интернет,"Да, положительный",Да,3,Да,"Считаю, что некоторые работают, если правильно подобраны"
15.02.2025 16:08:43,18-20,Да,Интернет,Да,Улучшение концентрации и памяти,Однократно,"Нет, принимал(а) самостоятельно","Нет, эффекта не было",Да,2,Да,"Скептически отношусь, считаю их неэффективными"
15.02.2025 16:15:00,24 и старше,Да,Семья,Да,"Снижение стресса и тревожности, Улучшение концентрации и памяти",Несколько недель (до 1 месяца),"Нет, принимал(а) самостоятельно","Нет, эффекта не было",Нет,1,Нет,"Считаю, что некоторые работают, если правильно подобраны"
15.02.2025 16:26:42,21-23,Да,Реклама,Нет,,,,,Да,4,Да,"Считаю, что некоторые работают, если правильно подобраны"
15.02.2025 16:27:31,18-20,Да,Другое,Нет,,,,,Да,3,Нет,"Считаю, что некоторые работают, если правильно подобраны"
15.02.2025 16:28:39,18-20,Да,Семья,Да,Снижение стресса и тревожности,Однократно,"Нет, принимал(а) самостоятельно","Нет, эффекта не было",Да,3,Да,"Считаю, что некоторые работают, если правильно подобраны"
15.02.2025 16:36:47,21-23,Да,Семья,Да,Снижение стресса и тревожности,Несколько дней (до 1 недели),"Нет, принимал(а) самостоятельно","Нет, эффекта не было",Нет,2,Нет,"Считаю, что некоторые работают, если правильно подобраны"
15.02.2025 17:01:42,18-20,Да,Семья,Да,"Снижение стресса и тревожности, Улучшение концентрации и памяти",Однократно,Рекомендовали знакомые/интернет,"Нет, эффекта не было",Да,3,Да,"Считаю, что некоторые работают, если правильно подобраны"
15.02.2025 17:08:35,21-23,Да,Друзья и знакомые,Да,Снижение стресса и тревожности,Однократно,"Нет, принимал(а) самостоятельно","Нет, эффекта не было",Нет,2,Нет,"Считаю, что некоторые работают, если правильно подобраны"
15.02.2025 17:47:57,18-20,Да,Семья,Да,"Улучшение сна, Снижение стресса и тревожности",Несколько дней (до 1 недели),"Нет, принимал(а) самостоятельно","Нет, эффекта не было",Нет,1,Нет,"Считаю, что некоторые работают, если правильно подобраны"
15.02.2025 17:52:34,18-20,Да,Интернет,Да,Снижение стресса и тревожности,Несколько недель (до 1 месяца),"Нет, принимал(а) самостоятельно","Нет, эффекта не было",Нет,1,Нет,"Скептически отношусь, считаю их неэффективными"
15.02.2025 18:10:56,21-23,Да,Семья,Да,"Снижение стресса и тревожности, Улучшение концентрации и памяти",Однократно,"Нет, принимал(а) самостоятельно","Нет, эффекта не было",Нет,1,Нет,"Скептически отношусь, считаю их неэффективными"
15.02.2025 18:13:21,24 и старше,Да,Интернет,Да,"Улучшение сна, Снижение стресса и тревожности, Улучшение концентрации и памяти",Несколько дней (до 1 недели),"Нет, принимал(а) самостоятельно","Нет, эффекта не было",Да,4,Да,"Верю, что большинство из них эффективны и полезны"
15.02.2025 18:49:35,24 и старше,Да,Друзья и знакомые,Да,Улучшение концентрации и памяти,Несколько дней (до 1 недели),"Нет, принимал(а) самостоятельно","Да, положительный",Да,4,Да,"Считаю, что некоторые работают, если правильно подобраны"
15.02.2025 19:04:38,24 и старше,Да,Интернет,Да,"Улучшение сна, Улучшение концентрации и памяти",Несколько дней (до 1 недели),"Нет, принимал(а) самостоятельно","Нет, эффекта не было",Да,2,Да,"Считаю, что некоторые работают, если правильно подобраны"
15.02.2025 19:11:46,21-23,Да,Семья,Да,"Снижение стресса и тревожности, Улучшение концентрации и памяти",Несколько недель (до 1 месяца),Рекомендовали знакомые/интернет,"Нет, эффекта не было",Нет,3,Нет,"Считаю, что некоторые работают, если правильно подобраны"
15.02.2025 19:56:45,18-20,Да,Реклама,Да,Снижение стресса и тревожности,Несколько недель (до 1 месяца),"Нет, принимал(а) самостоятельно","Нет, эффекта не было",Да,3,Нет,"Верю, что большинство из них эффективны и полезны"
15.02.2025 19:57:34,18-20,Да,Врач,Да,Снижение стресса и тревожности,Несколько недель (до 1 месяца),Да,"Да, положительный",Да,4,Да,"Считаю, что некоторые работают, если правильно подобраны"
15.02.2025 20:01:17,18-20,Да,Интернет,Да,Снижение стресса и тревожности,Однократно,Рекомендовали знакомые/интернет,"Нет, эффекта не было",Нет,2,Нет,"Считаю, что некоторые работают, если правильно подобраны"
15.02.2025 20:01:39,21-23,Да,Врач,Да,Снижение стресса и тревожности,Несколько недель (до 1 месяца),Да,"Да, положительный",Нет,3,Нет,"Считаю, что некоторые работают, если правильно подобраны"
15.02.2025 20:03:15,21-23,Да,Семья,Да,"Улучшение сна, Снижение стресса и тревожности, Улучшение концентрации и памяти",Несколько дней (до 1 недели),Да,"Нет, эффекта не было",Нет,1,Да,"Считаю, что некоторые работают, если правильно подобраны"
15.02.2025 20:05:11,18-20,Да,Реклама,Нет,,,,,Нет,1,Нет,"Считаю, что некоторые работают, если правильно подобраны"
15.02.2025 20:08:03,21-23,Да,Другое,Да,"Улучшение сна, Снижение стресса и тревожности, Улучшение концентрации и памяти",Несколько недель (до 1 месяца),"Нет, принимал(а) самостоятельно","Да, положительный",Да,4,Да,"Скептически отношусь, считаю их неэффективными"
15.02.2025 20:09:44,18-20,Да,Друзья и знакомые,Да,Снижение стресса и тревожности,Несколько дней (до 1 недели),"Нет, принимал(а) самостоятельно","Нет, эффекта не было",Нет,1,Нет,"Скептически отношусь, считаю их неэффективными"
15.02.2025 20:10:35,21-23,Да,Интернет,Да,"Улучшение сна, Снижение стресса и тревожности",Несколько дней (до 1 недели),"Нет, принимал(а) самостоятельно","Да, положительный",Да,3,Да,"Верю, что большинство из них эффективны и полезны"
15.02.2025 20:15:08,18-20,Да,Семья,Да,Снижение стресса и тревожности,Несколько недель (до 1 месяца),"Нет, принимал(а) самостоятельно","Нет, эффекта не было",Да,2,Нет,"Считаю, что некоторые работают, если правильно подобраны"
15.02.2025 20:17:34,21-23,Да,Друзья и знакомые,Да,"Улучшение сна, Снижение стресса и тревожности",Несколько недель (до 1 месяца),Рекомендовали знакомые/интернет,"Нет, эффекта не было",Да,3,Нет,"Считаю, что некоторые работают, если правильно подобраны"
15.02.2025 20:17:35,21-23,Да,Семья,Да,Снижение стресса и тревожности,Однократно,"Нет, принимал(а) самостоятельно","Нет, эффекта не было",Да,2,Нет,"Скептически отношусь, считаю их неэффективными"
15.02.2025 20:18:34,21-23,Да,Реклама,Да,Снижение стресса и тревожности,Несколько недель (до 1 месяца),"Нет, принимал(а) самостоятельно","Нет, эффекта не было",Нет,2,Нет,"Считаю, что некоторые работают, если правильно подобраны"
15.02.2025 20:20:45,21-23,Да,Интернет,Да,Улучшение концентрации и памяти,Однократно,"Нет, принимал(а) самостоятельно","Нет, эффекта не было",Нет,1,Нет,"Считаю, что некоторые работают, если правильно подобраны"
15.02.2025 20:23:40,18-20,Да,Семья,Да,Снижение стресса и тревожности,Несколько дней (до 1 недели),"Нет, принимал(а) самостоятельно","Да, положительный",Да,3,Да,"Считаю, что некоторые работают, если правильно подобраны"
15.02.2025 20:28:18,21-23,Да,Интернет,Да,"Улучшение сна, Снижение стресса и тревожности, Улучшение концентрации и памяти",Несколько недель (до 1 месяца),"Нет, принимал(а) самостоятельно","Да, положительный",Да,4,Да,"Считаю, что некоторые работают, если правильно подобраны"
15.02.2025 20:30:16,21-23,Да,Семья,Да,"Снижение стресса и тревожности, Улучшение концентрации и памяти",Несколько недель (до 1 месяца),Да,"Нет, эффекта не было",Нет,2,Нет,"Верю, что большинство из них эффективны и полезны"
15.02.2025 20:45:42,18-20,Да,Семья,Нет,,,,,Нет,2,Нет,"Считаю, что некоторые работают, если правильно подобраны"
15.02.2025 20:47:04,18-20,Да,Семья,Да,Снижение стресса и тревожности,Более месяца,Рекомендовали знакомые/интернет,"Да, положительный",Да,4,Да,"Считаю, что некоторые работают, если правильно подобраны"
15.02.2025 21:11:12,18-20,Да,Друзья и знакомые,Нет,,,,,Да,4,Да,"Считаю, что некоторые работают, если правильно подобраны"
15.02.2025 21:35:14,18-20,Да,Друзья и знакомые,Да,Снижение стресса и тревожности,Несколько дней (до 1 недели),"Нет, принимал(а) самостоятельно","Нет, эффекта не было",Да,3,Да,"Считаю, что некоторые работают, если правильно подобраны"
15.02.2025 21:44:18,18-20,Да,Семья,Нет,,,,,Да,3,Нет,"Считаю, что некоторые работают, если правильно подобраны"
15.02.2025 21:53:38,18-20,Да,Семья,Да,"Снижение стресса и тревожности, Улучшение концентрации и памяти",Несколько недель (до 1 месяца),Рекомендовали знакомые/интернет,"Нет, эффекта не было",Нет,2,Нет,"Считаю, что некоторые работают, если правильно подобраны"
15.02.2025 22:03:59,21-23,Да,Семья,Да,"Снижение стресса и тревожности, Улучшение концентрации и памяти",Несколько недель (до 1 месяца),Да,"Нет, эффекта не было",Да,2,Нет,"Считаю, что некоторые работают, если правильно подобраны"
15.02.2025 22:04:10,18-20,Да,Семья,Нет,,,,,Да,2,Нет,"Считаю, что некоторые работают, если правильно подобраны"
15.02.2025 22:33:43,21-23,Да,Друзья и знакомые,Да,Снижение стресса и тревожности,Несколько дней (до 1 недели),"Нет, принимал(а) самостоятельно","Нет, эффекта не было",Нет,3,Нет,"Считаю, что некоторые работают, если правильно подобраны"
15.02.2025 22:52:45,21-23,Да,Семья,Да,"Снижение стресса и тревожности, Улучшение концентрации и памяти",Несколько недель (до 1 месяца),Рекомендовали знакомые/интернет,"Нет, эффекта не было",Нет,2,Нет,"Скептически отношусь, считаю их неэффективными"
15.02.2025 22:55:14,21-23,Да,Семья,Да,"Улучшение сна, Снижение стресса и тревожности, Улучшение концентрации и памяти",Более месяца,Да,"Да, положительный",Да,4,Да,"Верю, что большинство из них эффективны и полезны"
15.02.2025 23:01:44,21-23,Да,Друзья и знакомые,Да,Снижение стресса и тревожности,Однократно,"Нет, принимал(а) самостоятельно","Нет, эффекта не было",Да,2,Нет,"Скептически отношусь, считаю их неэффективными"
15.02.2025 23:01:55,21-23,Да,Семья,Да,"Улучшение сна, Снижение стресса и тревожности, Улучшение концентрации и памяти",Несколько дней (до 1 недели),"Нет, принимал(а) самостоятельно","Нет, эффекта не было",Нет,1,Нет,"Считаю, что некоторые работают, если правильно подобраны"
15.02.2025 23:38:38,18-20,Да,Семья,Да,"Улучшение сна, Снижение стресса и тревожности, Улучшение концентрации и памяти",Несколько дней (до 1 недели),"Нет, принимал(а) самостоятельно","Нет, эффекта не было",Да,3,Да,"Верю, что большинство из них эффективны и полезны"
16.02.2025 1:12:54,21-23,Да,Семья,Да,"Снижение стресса и тревожности, Улучшение концентрации и памяти",Несколько недель (до 1 месяца),"Нет, принимал(а) самостоятельно","Нет, эффекта не было",Нет,1,Нет,"Скептически отношусь, считаю их неэффективными"
16.02.2025 1:16:51,21-23,Да,Друзья и знакомые,Да,Улучшение концентрации и памяти,Более месяца,"Нет, принимал(а) самостоятельно","Да, положительный",Да,4,Да,"Считаю, что некоторые работают, если правильно подобраны"
16.02.2025 1:46:55,18-20,Да,Семья,Да,Улучшение концентрации и памяти,Несколько дней (до 1 недели),"Нет, принимал(а) самостоятельно","Нет, эффекта не было",Да,3,Да,"Считаю, что некоторые работают, если правильно подобраны"
16.02.2025 1:53:14,18-20,Да,Интернет,Да,"Снижение стресса и тревожности, Улучшение концентрации и памяти",Несколько недель (до 1 месяца),"Нет, принимал(а) самостоятельно","Да, положительный",Нет,1,Нет,"Считаю, что некоторые работают, если правильно подобраны"
16.02.2025 3:00:47,18-20,Да,Семья,Да,"Улучшение сна, Снижение стресса и тревожности",Однократно,Рекомендовали знакомые/интернет,"Нет, эффекта не было",Нет,2,Нет,"Считаю, что некоторые работают, если правильно подобраны"
16.02.2025 3:14:09,21-23,Да,Друзья и знакомые,Да,"Снижение стресса и тревожности, Другое",Несколько недель (до 1 месяца),"Нет, принимал(а) самостоятельно","Нет, эффекта не было",Нет,2,Нет,"Считаю, что некоторые работают, если правильно подобраны"
16.02.2025 9:16:00,18-20,Да,Семья,Да,"Снижение стресса и тревожности, Улучшение концентрации и памяти",Несколько дней (до 1 недели),Рекомендовали знакомые/интернет,"Нет, эффекта не было",Нет,2,Нет,"Считаю, что некоторые работают, если правильно подобраны"
16.02.2025 11:19:14,18-20,Да,Друзья и знакомые,Нет,,,,,Нет,1,Нет,"Скептически отношусь, считаю их неэффективными"
16.02.2025 11:32:26,21-23,Да,Семья,Да,"Улучшение сна, Снижение стресса и тревожности, Улучшение концентрации и памяти",Несколько дней (до 1 недели),"Нет, принимал(а) самостоятельно","Нет, эффекта не было",Да,3,Нет,"Считаю, что некоторые работают, если правильно подобраны"
16.02.2025 11:38:11,21-23,Да,Врач,Да,"Улучшение сна, Улучшение концентрации и памяти",Несколько недель (до 1 месяца),"Нет, принимал(а) самостоятельно","Да, положительный",Да,4,Да,"Считаю, что некоторые работают, если правильно подобраны"
16.02.2025 12:38:09,18-20,Да,Семья,Да,"Улучшение сна, Снижение стресса и тревожности, Улучшение концентрации и памяти",Несколько недель (до 1 месяца),"Нет, принимал(а) самостоятельно","Да, положительный",Да,4,Нет,"Считаю, что некоторые работают, если правильно подобраны"
16.02.2025 12:44:15,18-20,Да,Друзья и знакомые,Нет,,,,,Да,4,Да,"Считаю, что некоторые работают, если правильно подобраны"
16.02.2025 12:47:21,21-23,Да,Семья,Да,"Улучшение сна, Снижение стресса и тревожности",Несколько недель (до 1 месяца),"Нет, принимал(а) самостоятельно","Да, положительный",Да,4,Да,"Считаю, что некоторые работают, если правильно подобраны"
16.02.2025 12:48:11,18-20,Да,Семья,Да,"Улучшение сна, Снижение стресса и тревожности",Несколько недель (до 1 месяца),Рекомендовали знакомые/интернет,"Да, положительный",Да,3,Да,"Считаю, что некоторые работают, если правильно подобраны"
16.02.2025 12:48:15,21-23,Да,Семья,Да,"Снижение стресса и тревожности, Улучшение концентрации и памяти",Однократно,"Нет, принимал(а) самостоятельно","Нет, эффекта не было",Нет,3,Да,"Считаю, что некоторые работают, если правильно подобраны"
16.02.2025 12:49:33,18-20,Да,Друзья и знакомые,Да,"Снижение стресса и тревожности, Улучшение концентрации и памяти",Несколько дней (до 1 недели),"Нет, принимал(а) самостоятельно","Нет, эффекта не было",Нет,2,Нет,"Считаю, что некоторые работают, если правильно подобраны"
16.02.2025 12:53:06,18-20,Да,Семья,Нет,,,,,Да,4,Да,"Считаю, что некоторые работают, если правильно подобраны"
16.02.2025 12:54:10,18-20,Да,Интернет,Нет,,,,,Да,3,Нет,"Считаю, что некоторые работают, если правильно подобраны"
16.02.2025 12:55:21,21-23,Да,Семья,Да,"Улучшение сна, Снижение стресса и тревожности, Улучшение концентрации и памяти",Несколько дней (до 1 недели),"Нет, принимал(а) самостоятельно","Нет, эффекта не было",Нет,1,Нет,"Считаю, что некоторые работают, если правильно подобраны"
16.02.2025 12:56:51,18-20,Да,Семья,Да,"Улучшение сна, Снижение стресса и тревожности, Улучшение концентрации и памяти",Несколько недель (до 1 месяца),Рекомендовали знакомые/интернет,"Нет, эффекта не было",Нет,1,Нет,"Считаю, что некоторые работают, если правильно подобраны"
16.02.2025 12:59:20,18-20,Да,Семья,Да,"Снижение стресса и тревожности, Улучшение концентрации и памяти",Несколько недель (до 1 месяца),Да,"Да, положительный",Да,4,Да,"Считаю, что некоторые работают, если правильно подобраны"
16.02.2025 13:00:01,21-23,Да,Семья,Да,Снижение стресса и тревожности,Несколько недель (до 1 месяца),"Нет, принимал(а) самостоятельно","Нет, эффекта не было",Нет,2,Нет,"Считаю, что некоторые работают, если правильно подобраны"
16.02.2025 13:04:21,18-20,Да,Друзья и знакомые,Нет,,,,,Нет,3,Нет,"Считаю, что некоторые работают, если правильно подобраны"
16.02.2025 13:29:58,21-23,Да,Семья,Да,"Снижение стресса и тревожности, Улучшение концентрации и памяти",Несколько дней (до 1 недели),"Нет, принимал(а) самостоятельно","Нет, эффекта не было",Нет,2,Нет,"Верю, что большинство из них эффективны и полезны"
16.02.2025 13:50:24,18-20,Да,Семья,Да,Снижение стресса и тревожности,Однократно,Рекомендовали знакомые/интернет,"Нет, эффекта не было",Нет,2,Нет,"Скептически отношусь, считаю их неэффективными"
16.02.2025 14:01:44,21-23,Да,Друзья и знакомые,Да,"Снижение стресса и тревожности, Улучшение концентрации и памяти",Несколько дней (до 1 недели),"Нет, принимал(а) самостоятельно","Нет, эффекта не было",Нет,1,Нет,"Считаю, что некоторые работают, если правильно подобраны"
16.02.2025 14:04:46,21-23,Да,Друзья и знакомые,Да,"Снижение стресса и тревожности, Улучшение концентрации и памяти",Однократно,Рекомендовали знакомые/интернет,"Нет, эффекта не было",Да,3,Да,"Верю, что большинство из них эффективны и полезны"
16.02.2025 14:28:50,21-23,Да,Интернет,Нет,,,,,Нет,1,Нет,"Скептически отношусь, считаю их неэффективными"
16.02.2025 15:48:23,18-20,Да,Интернет,Нет,,,,,Нет,2,Нет,"Скептически отношусь, считаю их неэффективными"
16.02.2025 16:19:01,24 и старше,Да,Семья,Да,"Улучшение сна, Снижение стресса и тревожности, Улучшение концентрации и памяти",Более месяца,Да,"Нет, эффекта не было",Нет,1,Нет,"Скептически отношусь, считаю их неэффективными"
16.02.2025 16:41:57,21-23,Да,Друзья и знакомые,Да,Снижение стресса и тревожности,Несколько дней (до 1 недели),"Нет, принимал(а) самостоятельно","Нет, эффекта не было",Нет,1,Нет,"Скептически отношусь, считаю их неэффективными"
16.02.2025 17:35:36,24 и старше,Да,Реклама,Да,Улучшение концентрации и памяти,Несколько дней (до 1 недели),"Нет, принимал(а) самостоятельно","Нет, эффекта не было",Нет,1,Нет,"Верю, что большинство из них эффективны и полезны"
16.02.2025 17:45:48,24 и старше,Да,Семья,Да,"Улучшение сна, Снижение стресса и тревожности, Улучшение концентрации и памяти",Постоянно принимаю,Да,"Да, положительный",Да,5,Да,"Верю, что большинство из них эффективны и полезны"
16.02.2025 17:55:30,21-23,Да,Друзья и знакомые,Да,Снижение стресса и тревожности,Однократно,Рекомендовали знакомые/интернет,"Нет, эффекта не было",Нет,1,Нет,"Считаю, что некоторые работают, если правильно подобраны"
16.02.2025 17:57:14,24 и старше,Да,Семья,Да,"Снижение стресса и тревожности, Улучшение концентрации и памяти",Несколько недель (до 1 месяца),"Нет, принимал(а) самостоятельно","Да, положительный",Да,4,Да,"Считаю, что некоторые работают, если правильно подобраны"
16.02.2025 17:59:58,24 и старше,Да,Врач,Нет,,,,,Нет,1,Нет,"Скептически отношусь, считаю их неэффективными"
16.02.2025 18:00:50,24 и старше,Да,Врач,Да,Другое,Несколько недель (до 1 месяца),Да,"Да, положительный",Да,3,Да,"Считаю, что некоторые работают, если правильно подобраны"
16.02.2025 18:03:32,24 и старше,Да,Друзья и знакомые,Нет,,,,,Да,3,Да,"Считаю, что некоторые работают, если правильно подобраны"
16.02.2025 18:08:12,24 и старше,Да,Семья,Нет,,,,,Нет,2,Нет,"Скептически отношусь, считаю их неэффективными"
16.02.2025 18:29:24,24 и старше,Да,Друзья и знакомые,Да,"Снижение стресса и тревожности, Улучшение концентрации и памяти",Несколько недель (до 1 месяца),"Нет, принимал(а) самостоятельно","Нет, эффекта не было",Нет,2,Нет,"Считаю, что некоторые работают, если правильно подобраны"
16.02.2025 18:39:10,24 и старше,Да,Врач,Да,Другое,Несколько недель (до 1 месяца),Да,"Да, положительный",Да,3,Нет,"Считаю, что некоторые работают, если правильно подобраны"
16.02.2025 18:59:20,24 и старше,Да,Друзья и знакомые,Да,Снижение стресса и тревожности,Несколько недель (до 1 месяца),"Нет, принимал(а) самостоятельно","Нет, эффекта не было",Нет,1,Нет,"Считаю, что некоторые работают, если правильно подобраны"
16.02.2025 18:59:39,24 и старше,Да,Друзья и знакомые,Да,Снижение стресса и тревожности,Несколько недель (до 1 месяца),"Нет, принимал(а) самостоятельно","Нет, эффекта не было",Нет,1,Нет,"Считаю, что некоторые работают, если правильно подобраны"
16.02.2025 19:07:16,21-23,Да,Семья,Да,"Улучшение сна, Снижение стресса и тревожности, Улучшение концентрации и памяти",Несколько недель (до 1 месяца),Рекомендовали знакомые/интернет,"Нет, эффекта не было",Нет,1,Нет,"Считаю, что некоторые работают, если правильно подобраны"
16.02.2025 19:12:27,21-23,Да,Интернет,Да,Снижение стресса и тревожности,Несколько дней (до 1 недели),"Нет, принимал(а) самостоятельно","Нет, эффекта не было",Нет,3,Нет,"Считаю, что некоторые работают, если правильно подобраны"
16.02.2025 19:16:22,21-23,Да,Друзья и знакомые,Да,"Улучшение сна, Снижение стресса и тревожности, Улучшение концентрации и памяти",Более месяца,"Нет, принимал(а) самостоятельно","Да, положительный",Да,5,Да,"Верю, что большинство из них эффективны и полезны"
16.02.2025 19:22:16,24 и старше,Да,Врач,Да,Другое,Более месяца,Да,"Нет, эффекта не было",Нет,3,Нет,"Считаю, что некоторые работают, если правильно подобраны"
16.02.2025 19:49:48,24 и старше,Да,Семья,Да,"Снижение стресса и тревожности, Улучшение концентрации и памяти",Более месяца,"Нет, принимал(а) самостоятельно","Нет, эффекта не было",Да,3,Нет,"Считаю, что некоторые работают, если правильно подобраны"
16.02.2025 20:04:19,21-23,Да,Семья,Нет,,,,,Нет,1,Нет,"Скептически отношусь, считаю их неэффективными"
16.02.2025 20:30:19,18-20,Да,Друзья и знакомые,Да,"Снижение стресса и тревожности, Улучшение концентрации и памяти",Однократно,"Нет, принимал(а) самостоятельно","Да, положительный",Да,3,Да,"Верю, что большинство из них эффективны и полезны"
16.02.2025 20:48:39,24 и старше,Да,Семья,Нет,,,,,Да,3,Да,"Считаю, что некоторые работают, если правильно подобраны"
16.02.2025 20:52:20,18-20,Да,Семья,Да,Снижение стресса и тревожности,Несколько недель (до 1 месяца),Рекомендовали знакомые/интернет,"Да, положительный",Нет,1,Нет,"Считаю, что некоторые работают, если правильно подобраны"
16.02.2025 21:25:37,24 и старше,Да,Другое,Нет,,,,,Нет,1,Нет,"Скептически отношусь, считаю их неэффективными"
16.02.2025 22:09:52,24 и старше,Да,Семья,Да,Улучшение концентрации и памяти,Более месяца,"Нет, принимал(а) самостоятельно","Нет, эффекта не было",Да,3,Да,"Считаю, что некоторые работают, если правильно подобраны"
17.02.2025 0:35:22,24 и старше,Да,Семья,Да,"Снижение стресса и тревожности, Улучшение концентрации и памяти",Более месяца,Да,"Нет, эффекта не было",Да,3,Да,"Считаю, что некоторые работают, если правильно подобраны"
17.02.2025 3:53:00,24 и старше,Да,Реклама,Да,Улучшение концентрации и памяти,Несколько недель (до 1 месяца),"Нет, принимал(а) самостоятельно","Нет, эффекта не было",Нет,1,Нет,"Скептически отношусь, считаю их неэффективными"
17.02.2025 10:28:50,21-23,Да,Семья,Да,Снижение стресса и тревожности,Более месяца,Рекомендовали знакомые/интернет,"Нет, эффекта не было",Да,4,Нет,"Считаю, что некоторые работают, если правильно подобраны"
17.02.2025 10:33:11,21-23,Да,Друзья и знакомые,Да,"Снижение стресса и тревожности, Улучшение концентрации и памяти",Несколько дней (до 1 недели),"Нет, принимал(а) самостоятельно","Нет, эффекта не было",Нет,2,Нет,"Считаю, что некоторые работают, если правильно подобраны"
17.02.2025 11:52:18,24 и старше,Да,Интернет,Да,Улучшение сна,Несколько недель (до 1 месяца),"Нет, принимал(а) самостоятельно","Да, положительный",Да,5,Да,"Верю, что большинство из них эффективны и полезны"
17.02.2025 12:08:17,24 и старше,Да,Семья,Нет,,,,,Да,4,Да,"Считаю, что некоторые работают, если правильно подобраны"
17.02.2025 12:50:47,24 и старше,Да,Друзья и знакомые,Да,"Снижение стресса и тревожности, Улучшение концентрации и памяти",Более месяца,Да,"Да, положительный",Да,5,Да,"Верю, что большинство из них эффективны и полезны"
17.02.2025 13:31:44,18-20,Да,Друзья и знакомые,Да,Снижение стресса и тревожности,Несколько дней (до 1 недели),"Нет, принимал(а) самостоятельно","Нет, эффекта не было",Да,3,Да,"Считаю, что некоторые работают, если правильно подобраны"
17.02.2025 14:17:52,21-23,Да,Реклама,Да,"Снижение стресса и тревожности, Улучшение концентрации и памяти",Более месяца,Да,"Да, положительный",Да,4,Да,"Верю, что большинство из них эффективны и полезны"
17.02.2025 14:41:10,21-23,Да,Друзья и знакомые,Нет,,,,,Нет,2,Нет,"Считаю, что некоторые работают, если правильно подобраны"
17.02.2025 15:18:31,24 и старше,Да,Врач,Да,Снижение стресса и тревожности,Однократно,"Нет, принимал(а) самостоятельно","Нет, эффекта не было",Нет,1,Нет,"Скептически отношусь, считаю их неэффективными"
17.02.2025 15:20:06,24 и старше,Да,Друзья и знакомые,Да,"Улучшение сна, Снижение стресса и тревожности",Несколько дней (до 1 недели),"Нет, принимал(а) самостоятельно","Нет, эффекта не было",Нет,3,Нет,"Считаю, что некоторые работают, если правильно подобраны"
17.02.2025 19:22:44,21-23,Да,Интернет,Нет,,,,,Да,3,Нет,"Скептически отношусь, считаю их неэффективными"
17.02.2025 19:40:34,21-23,Да,Друзья и знакомые,Да,"Улучшение сна, Снижение стресса и тревожности, Улучшение концентрации и памяти",Несколько недель (до 1 месяца),"Нет, принимал(а) самостоятельно","Нет, эффекта не было",Нет,3,Нет,"Скептически отношусь, считаю их неэффективными"
17.02.2025 19:47:59,21-23,Да,Интернет,Нет,,,,,Да,3,Да,"Считаю, что некоторые работают, если правильно подобраны"
17.02.2025 19:53:02,21-23,Да,Друзья и знакомые,Да,"Снижение стресса и тревожности, Улучшение концентрации и памяти",Более месяца,"Нет, принимал(а) самостоятельно","Да, положительный",Нет,3,Нет,"Считаю, что некоторые работают, если правильно подобраны"
17.02.2025 23:08:26,24 и старше,Да,Семья,Да,"Снижение стресса и тревожности, Улучшение концентрации и памяти, Другое",Несколько дней (до 1 недели),"Нет, принимал(а) самостоятельно","Нет, эффекта не было",Нет,2,Нет,"Считаю, что некоторые работают, если правильно подобраны"
18.02.2025 9:26:17,21-23,Да,Интернет,Да,Снижение стресса и тревожности,Несколько дней (до 1 недели),"Нет, принимал(а) самостоятельно","Нет, эффекта не было",Нет,2,Нет,"Скептически отношусь, считаю их неэффективными"
18.02.2025 11:55:44,24 и старше,Да,Семья,Да,Другое,Однократно,"Нет, принимал(а) самостоятельно","Нет, эффекта не было",Да,3,Да,"Считаю, что некоторые работают, если правильно подобраны"
18.02.2025 13:30:56,18-20,Да,Семья,Да,"Улучшение сна, Снижение стресса и тревожности",Несколько дней (до 1 недели),Рекомендовали знакомые/интернет,"Да, положительный",Да,4,Да,"Считаю, что некоторые работают, если правильно подобраны"
18.02.2025 21:29:48,18-20,Да,Семья,Да,"Улучшение сна, Снижение стресса и тревожности, Улучшение концентрации и памяти",Постоянно принимаю,Рекомендовали знакомые/интернет,"Да, положительный",Да,4,Да,"Считаю, что некоторые работают, если правильно подобраны"
19.02.2025 11:48:59,21-23,Да,Семья,Да,Снижение стресса и тревожности,Несколько дней (до 1 недели),"Нет, принимал(а) самостоятельно","Нет, эффекта не было",Нет,1,Нет,"Считаю, что некоторые работают, если правильно подобраны"
21.02.2025 23:39:34,18-20,Да,Семья,Да,"Снижение стресса и тревожности, Улучшение концентрации и памяти",Несколько недель (до 1 месяца),Да,"Да, положительный",Да,3,Да,"Верю, что большинство из них эффективны и полезны"
23.02.2025 21:47:52,18-20,Да,Семья,Да,"Снижение стресса и тревожности, Улучшение концентрации и памяти",Несколько недель (до 1 месяца),Рекомендовали знакомые/интернет,"Да, положительный",Да,3,Да,"Верю, что большинство из них эффективны и полезны"
25.02.2025 20:04:11,21-23,Да,Врач,Да,"Улучшение сна, Снижение стресса и тревожности",Несколько дней (до 1 недели),Да,"Нет, эффекта не было",Нет,2,Нет,"Считаю, что некоторые работают, если правильно подобраны"
26.02.2025 10:28:28,18-20,Да,Семья,Да,"Улучшение сна, Улучшение концентрации и памяти",Несколько недель (до 1 месяца),"Нет, принимал(а) самостоятельно","Нет, эффекта не было",Нет,2,Нет,"Считаю, что некоторые работают, если правильно подобраны"
26.02.2025 16:27:34,24 и старше,Да,Другое,Нет,,,,,Да,4,Нет,"Считаю, что некоторые работают, если правильно подобраны"
06.03.2025 20:36:24,18-20,Да,Друзья и знакомые,Да,Снижение стресса и тревожности,Однократно,"Нет, принимал(а) самостоятельно","Нет, эффекта не было",Да,3,Нет,"Считаю, что некоторые работают, если правильно подобраны"
06.03.2025 20:36:58,18-20,Да,Друзья и знакомые,Да,Снижение стресса и тревожности,Несколько дней (до 1 недели),Рекомендовали знакомые/интернет,"Нет, эффекта не было",Нет,2,Да,"Считаю, что некоторые работают, если правильно подобраны"